{
  "Use Non-ASCII Font" : false,
  "Tags" : [

  ],
  "Ansi 12 Color" : {
    "Red Component" : 0.51372551918029785,
    "Color Space" : "sRGB",
    "Blue Component" : 0.58823531866073608,
    "Alpha Component" : 1,
    "Green Component" : 0.58039218187332153
  },
  "Ansi 7 Color" : {
    "Red Component" : 0.93333333730697632,
    "Color Space" : "sRGB",
    "Blue Component" : 0.83529412746429443,
    "Alpha Component" : 1,
    "Green Component" : 0.90980392694473267
  },
  "Ansi 8 Color" : {
    "Red Component" : 0,
    "Color Space" : "sRGB",
    "Blue Component" : 0.21176470816135406,
    "Alpha Component" : 1,
    "Green Component" : 0.16862745583057404
  },
  "Bold Color" : {
    "Red Component" : 0.57647061347961426,
    "Color Space" : "sRGB",
    "Blue Component" : 0.63137257099151611,
    "Alpha Component" : 1,
    "Green Component" : 0.63137257099151611
  },
  "Ansi 9 Color" : {
    "Red Component" : 0.79607844352722168,
    "Color Space" : "sRGB",
    "Blue Component" : 0.086274512112140656,
    "Alpha Component" : 1,
    "Green Component" : 0.29411765933036804
  },
  "Ansi 6 Color" : {
    "Red Component" : 0.16470588743686676,
    "Color Space" : "sRGB",
    "Blue Component" : 0.59607845544815063,
    "Alpha Component" : 1,
    "Green Component" : 0.63137257099151611
  },
  "Transparency" : 0,
  "Rows" : 25,
  "Default Bookmark" : "No",
  "Cursor Guide Color" : {
    "Red Component" : 0.70213186740875244,
    "Color Space" : "sRGB",
    "Blue Component" : 1,
    "Alpha Component" : 0.25,
    "Green Component" : 0.9268307089805603
  },
  "Non-ASCII Anti Aliased" : true,
  "Use Bright Bold" : true,
  "Ansi 10 Color" : {
    "Red Component" : 0.34509804844856262,
    "Color Space" : "sRGB",
    "Blue Component" : 0.45882353186607361,
    "Alpha Component" : 1,
    "Green Component" : 0.43137255311012268
  },
  "Ambiguous Double Width" : false,
  "Jobs to Ignore" : [
    "rlogin",
    "ssh",
    "slogin",
    "telnet"
  ],
  "Ansi 15 Color" : {
    "Red Component" : 0.99215686321258545,
    "Color Space" : "sRGB",
    "Blue Component" : 0.89019608497619629,
    "Alpha Component" : 1,
    "Green Component" : 0.96470588445663452
  },
  "Foreground Color" : {
    "Red Component" : 0.78804689645767212,
    "Color Space" : "sRGB",
    "Blue Component" : 0.90234375,
    "Alpha Component" : 1,
    "Green Component" : 0.89031249284744263
  },
  "Working Directory" : "\/Users\/mort",
  "Blinking Cursor" : false,
  "Disable Window Resizing" : true,
  "Sync Title" : false,
  "Prompt Before Closing 2" : false,
  "BM Growl" : true,
  "Command" : "",
  "Description" : "Default",
  "Mouse Reporting" : true,
  "Screen" : -1,
  "Selection Color" : {
    "Red Component" : 0.027450980618596077,
    "Color Space" : "sRGB",
    "Blue Component" : 0.25882354378700256,
    "Alpha Component" : 1,
    "Green Component" : 0.21176470816135406
  },
  "Columns" : 80,
  "Idle Code" : 0,
  "Ansi 13 Color" : {
    "Red Component" : 0.42352941632270813,
    "Color Space" : "sRGB",
    "Blue Component" : 0.76862746477127075,
    "Alpha Component" : 1,
    "Green Component" : 0.44313725829124451
  },
  "Custom Command" : "No",
  "ASCII Anti Aliased" : true,
  "Non Ascii Font" : "Monaco 12",
  "Vertical Spacing" : 1,
  "Use Bold Font" : true,
  "Option Key Sends" : 2,
  "Selected Text Color" : {
    "Red Component" : 0.57647061347961426,
    "Color Space" : "sRGB",
    "Blue Component" : 0.63137257099151611,
    "Alpha Component" : 1,
    "Green Component" : 0.63137257099151611
  },
  "Background Color" : {
    "Red Component" : 0,
    "Color Space" : "sRGB",
    "Blue Component" : 0.21176470816135406,
    "Alpha Component" : 1,
    "Green Component" : 0.16862745583057404
  },
  "Character Encoding" : 4,
  "Ansi 11 Color" : {
    "Red Component" : 0.3960784375667572,
    "Color Space" : "sRGB",
    "Blue Component" : 0.51372551918029785,
    "Alpha Component" : 1,
    "Green Component" : 0.48235294222831726
  },
  "Use Italic Font" : true,
  "Unlimited Scrollback" : true,
  "Keyboard Map" : {
    "0x5e-0x60000" : {
      "Text" : "0x1e",
      "Action" : 11
    },
    "0xf702-0x280000" : {
      "Text" : "b",
      "Action" : 10
    },
    "0xf702-0x260000" : {
      "Text" : "0x1b 0x1b 0x5b 0x44",
      "Action" : 11
    },
    "0xf703-0x280000" : {
      "Text" : "f",
      "Action" : 10
    },
    "0xf70a-0x20000" : {
      "Text" : "[28~",
      "Action" : 10
    },
    "0xf703-0x260000" : {
      "Text" : "[C",
      "Action" : 10
    },
    "0xf702-0x220000" : {
      "Text" : "[D",
      "Action" : 10
    },
    "0xf703-0x240000" : {
      "Text" : "[5C",
      "Action" : 10
    },
    "0xf702-0x240000" : {
      "Text" : "[5D",
      "Action" : 10
    },
    "0xf703-0x220000" : {
      "Text" : "[C",
      "Action" : 10
    },
    "0xf700-0x280000" : {
      "Text" : "[A",
      "Action" : 10
    },
    "0xf72b-0x20000" : {
      "Text" : "[F",
      "Action" : 10
    },
    "0xf700-0x260000" : {
      "Text" : "[A",
      "Action" : 10
    },
    "0xf701-0x280000" : {
      "Text" : "[B",
      "Action" : 10
    },
    "0xf700-0x240000" : {
      "Text" : "[A",
      "Action" : 10
    },
    "0xf701-0x260000" : {
      "Text" : "[B",
      "Action" : 10
    },
    "0xf700-0x220000" : {
      "Text" : "[A",
      "Action" : 10
    },
    "0xf701-0x240000" : {
      "Text" : "[B",
      "Action" : 10
    },
    "0xf72b-0x40000" : {
      "Text" : "",
      "Action" : 4
    },
    "0xf708-0x20000" : {
      "Text" : "[25~",
      "Action" : 10
    },
    "0xf701-0x220000" : {
      "Text" : "[B",
      "Action" : 10
    },
    "0x2d-0x40000" : {
      "Text" : "0x1f",
      "Action" : 11
    },
    "0xf70b-0x20000" : {
      "Text" : "[29~",
      "Action" : 10
    },
    "0xf709-0x20000" : {
      "Text" : "[26~",
      "Action" : 10
    },
    "0xf729-0x20000" : {
      "Text" : "[H",
      "Action" : 10
    },
    "0xf729-0x40000" : {
      "Text" : "",
      "Action" : 5
    },
    "0x33-0x80000" : {
      "Action" : 12,
      "Text" : "#"
    }
  },
  "Window Type" : 0,
  "Background Image Location" : "",
  "Blur" : false,
  "Badge Color" : {
    "Red Component" : 1,
    "Color Space" : "sRGB",
    "Blue Component" : 0,
    "Alpha Component" : 0.5,
    "Green Component" : 0.1491314172744751
  },
  "Scrollback Lines" : 0,
  "Send Code When Idle" : false,
  "Close Sessions On End" : true,
  "Terminal Type" : "xterm-256color",
  "Visual Bell" : true,
  "Flashing Bell" : true,
  "Silence Bell" : true,
  "Ansi 14 Color" : {
    "Red Component" : 0.57647061347961426,
    "Color Space" : "sRGB",
    "Blue Component" : 0.63137257099151611,
    "Alpha Component" : 1,
    "Green Component" : 0.63137257099151611
  },
  "ASCII Ligatures" : false,
  "Name" : "Default",
  "Cursor Text Color" : {
    "Red Component" : 0.027450980618596077,
    "Color Space" : "sRGB",
    "Blue Component" : 0.25882354378700256,
    "Alpha Component" : 1,
    "Green Component" : 0.21176470816135406
  },
  "Shortcut" : "",
  "Cursor Color" : {
    "Red Component" : 0.51372551918029785,
    "Color Space" : "sRGB",
    "Blue Component" : 0.58823531866073608,
    "Alpha Component" : 1,
    "Green Component" : 0.58039218187332153
  },
  "Ansi 0 Color" : {
    "Red Component" : 0.027450980618596077,
    "Color Space" : "sRGB",
    "Blue Component" : 0.25882354378700256,
    "Alpha Component" : 1,
    "Green Component" : 0.21176470816135406
  },
  "Ansi 1 Color" : {
    "Red Component" : 0.86274510622024536,
    "Color Space" : "sRGB",
    "Blue Component" : 0.18431372940540314,
    "Alpha Component" : 1,
    "Green Component" : 0.19607843458652496
  },
  "Horizontal Spacing" : 1,
  "Link Color" : {
    "Red Component" : 0,
    "Color Space" : "sRGB",
    "Blue Component" : 0.73423302173614502,
    "Alpha Component" : 1,
    "Green Component" : 0.35916060209274292
  },
  "Ansi 4 Color" : {
    "Red Component" : 0.14901961386203766,
    "Color Space" : "sRGB",
    "Blue Component" : 0.82352942228317261,